{"0": {"ft": 0.4, "sup": 0.97}, "1": {"ft": 0.40590000000000004, "sup": 0.9669}, "2": {"ft": 0.4118, "sup": 0.9638}, "3": {"ft": 0.4177, "sup": 0.9607}, "4": {"ft": 0.42360000000000003, "sup": 0.9576}, "5": {"ft": 0.4295, "sup": 0.9545}, "6": {"ft": 0.4354, "sup": 0.9514}, "7": {"ft": 0.4413, "sup": 0.9482999999999999}, "8": {"ft": 0.44720000000000004, "sup": 0.9451999999999999}, "9": {"ft": 0.4531, "sup": 0.9420999999999999}, "10": {"ft": 0.459, "sup": 0.939}, "11": {"ft": 0.46490000000000004, "sup": 0.9359}, "12": {"ft": 0.4708, "sup": 0.9328}, "13": {"ft": 0.4767, "sup": 0.9297}, "14": {"ft": 0.48260000000000003, "sup": 0.9266}, "15": {"ft": 0.48850000000000005, "sup": 0.9235}, "16": {"ft": 0.4944, "sup": 0.9204}, "17": {"ft": 0.5003, "sup": 0.9173}, "18": {"ft": 0.5062, "sup": 0.9142}, "19": {"ft": 0.5121, "sup": 0.9111}, "20": {"ft": 0.518, "sup": 0.908}, "21": {"ft": 0.5239, "sup": 0.9049}, "22": {"ft": 0.5298, "sup": 0.9017999999999999}, "23": {"ft": 0.5357000000000001, "sup": 0.8986999999999999}, "24": {"ft": 0.5416000000000001, "sup": 0.8956}, "25": {"ft": 0.5475, "sup": 0.8925}, "26": {"ft": 0.5534, "sup": 0.8894}, "27": {"ft": 0.5593, "sup": 0.8863}, "28": {"ft": 0.5652, "sup": 0.8832}, "29": {"ft": 0.5711, "sup": 0.8801}, "30": {"ft": 0.577, "sup": 0.877}, "31": {"ft": 0.5829, "sup": 0.8739}, "32": {"ft": 0.5888, "sup": 0.8708}, "33": {"ft": 0.5947, "sup": 0.8677}, "34": {"ft": 0.6006, "sup": 0.8646}, "35": {"ft": 0.6065, "sup": 0.8614999999999999}, "36": {"ft": 0.6124, "sup": 0.8584}, "37": {"ft": 0.6183000000000001, "sup": 0.8553}, "38": {"ft": 0.6242, "sup": 0.8522}, "39": {"ft": 0.6301, "sup": 0.8491}, "40": {"ft": 0.636, "sup": 0.846}, "41": {"ft": 0.6419, "sup": 0.8429}, "42": {"ft": 0.6478, "sup": 0.8398}, "43": {"ft": 0.6537, "sup": 0.8367}, "44": {"ft": 0.6596, "sup": 0.8336}, "45": {"ft": 0.6655, "sup": 0.8305}, "46": {"ft": 0.6714, "sup": 0.8274}, "47": {"ft": 0.6773, "sup": 0.8243}, "48": {"ft": 0.6832, "sup": 0.8211999999999999}, "49": {"ft": 0.6891, "sup": 0.8181}, "50": {"ft": 0.6950000000000001, "sup": 0.815}, "51": {"ft": 0.7009000000000001, "sup": 0.8119000000000001}, "52": {"ft": 0.7068000000000001, "sup": 0.8088}, "53": {"ft": 0.7127, "sup": 0.8057}, "54": {"ft": 0.7186, "sup": 0.8026}, "55": {"ft": 0.7245, "sup": 0.7995}, "56": {"ft": 0.7303999999999999, "sup": 0.7964}, "57": {"ft": 0.7363, "sup": 0.7933}, "58": {"ft": 0.7422, "sup": 0.7902}, "59": {"ft": 0.7481, "sup": 0.7871}, "60": {"ft": 0.754, "sup": 0.784}, "61": {"ft": 0.7599, "sup": 0.7809}, "62": {"ft": 0.7658, "sup": 0.7778}, "63": {"ft": 0.7717, "sup": 0.7746999999999999}, "64": {"ft": 0.7776000000000001, "sup": 0.7716000000000001}, "65": {"ft": 0.7835000000000001, "sup": 0.7685}, "66": {"ft": 0.7894, "sup": 0.7654}, "67": {"ft": 0.7953, "sup": 0.7623}, "68": {"ft": 0.8012, "sup": 0.7592}, "69": {"ft": 0.8071, "sup": 0.7561}, "70": {"ft": 0.813, "sup": 0.753}, "71": {"ft": 0.8189, "sup": 0.7499}, "72": {"ft": 0.8248, "sup": 0.7468}, "73": {"ft": 0.8307, "sup": 0.7437}, "74": {"ft": 0.8366, "sup": 0.7406}, "75": {"ft": 0.8425, "sup": 0.7375}, "76": {"ft": 0.8484, "sup": 0.7344}, "77": {"ft": 0.8543000000000001, "sup": 0.7313000000000001}, "78": {"ft": 0.8602000000000001, "sup": 0.7282}, "79": {"ft": 0.8661000000000001, "sup": 0.7251000000000001}, "80": {"ft": 0.872, "sup": 0.722}, "81": {"ft": 0.8779, "sup": 0.7189000000000001}, "82": {"ft": 0.8838, "sup": 0.7158}, "83": {"ft": 0.8896999999999999, "sup": 0.7127}, "84": {"ft": 0.8956, "sup": 0.7096}, "85": {"ft": 0.9015, "sup": 0.7065}, "86": {"ft": 0.9074, "sup": 0.7034}, "87": {"ft": 0.9133, "sup": 0.7003}, "88": {"ft": 0.9192, "sup": 0.6972}, "89": {"ft": 0.9251, "sup": 0.6940999999999999}, "90": {"ft": 0.931, "sup": 0.6910000000000001}, "91": {"ft": 0.9369, "sup": 0.6879}, "92": {"ft": 0.9428, "sup": 0.6848000000000001}, "93": {"ft": 0.9487, "sup": 0.6817}, "94": {"ft": 0.9546, "sup": 0.6786000000000001}, "95": {"ft": 0.9605, "sup": 0.6755}, "96": {"ft": 0.9664, "sup": 0.6724}, "97": {"ft": 0.9723, "sup": 0.6693}, "98": {"ft": 0.9782, "sup": 0.6662}, "99": {"ft": 0.9841, "sup": 0.6631}, "100": {"ft": 0.99, "sup": 0.66}}